{
  "IcoMoonType": "selection",
  "icons": [
    {
      "icon": {
        "paths": [
          "M512 0c282.77 0 512 229.23 512 512s-229.23 512-512 512c-282.77 0-512-229.23-512-512s229.23-512 512-512z",
          "M640 421.803h-94.464v-53.163c0-19.968 15.403-24.619 26.283-24.619h66.645v-87.723l-91.776-0.299c-101.931 0-125.141 65.451-125.141 107.307v58.453h-58.88v90.453h58.88v255.787h123.989v-255.787h83.627l10.837-90.496z"
        ],
        "attrs": [
          {
            "fill": "rgb(255, 255, 255)"
          },
          {
            "fill": "rgb(0, 20, 20)"
          }
        ],
        "isMulticolor": true,
        "isMulticolor2": false,
        "grid": 0,
        "tags": [
          "facebook"
        ],
        "colorPermutations": {
          "134229671202012552552551": [
            {
              "f": 2
            },
            {
              "f": 0
            }
          ]
        }
      },
      "attrs": [
        {
          "fill": "rgb(255, 255, 255)"
        },
        {
          "fill": "rgb(0, 20, 20)"
        }
      ],
      "properties": {
        "order": 9,
        "id": 5,
        "name": "facebook",
        "prevSize": 32
      },
      "setIdx": 0,
      "setId": 3,
      "iconIdx": 0
    },
    {
      "icon": {
        "paths": [
          "M1454.933 426.667h-1373.867c-44.772 0-81.067 21.788-81.067 48.64v5.12c0 26.852 36.295 48.64 81.067 48.64h1373.867c44.772 0 81.067-21.788 81.067-48.64v-5.12c0-26.852-36.295-48.64-81.067-48.64zM1454.933 853.333h-1373.867c-44.772 0-81.067 21.788-81.067 48.64v5.12c0 26.852 36.295 48.64 81.067 48.64h1373.867c44.772 0 81.067-21.788 81.067-48.64v-5.12c0-26.852-36.295-48.64-81.067-48.64zM1454.933 0h-1373.867c-44.772 0-81.067 21.788-81.067 48.64v5.12c0 26.852 36.295 48.64 81.067 48.64h1373.867c44.772 0 81.067-21.788 81.067-48.64v-5.12c0-26.852-36.295-48.64-81.067-48.64z"
        ],
        "attrs": [
          {
            "fill": "rgb(134, 229, 67)"
          }
        ],
        "width": 1536,
        "isMulticolor": false,
        "isMulticolor2": false,
        "grid": 0,
        "tags": [
          "icon_burger"
        ],
        "colorPermutations": {
          "134229671202012552552551": [
            {
              "f": 1
            }
          ]
        }
      },
      "attrs": [
        {
          "fill": "rgb(134, 229, 67)"
        }
      ],
      "properties": {
        "order": 10,
        "id": 4,
        "name": "icon_burger",
        "prevSize": 32
      },
      "setIdx": 0,
      "setId": 3,
      "iconIdx": 1
    },
    {
      "icon": {
        "paths": [
          "M948.139 967.111l-872.277-910.222M948.139 56.889l-872.277 910.222"
        ],
        "attrs": [
          {
            "fill": "none",
            "stroke": "rgb(134, 229, 67)",
            "strokeLinejoin": "miter",
            "strokeLinecap": "round",
            "strokeMiterlimit": "4",
            "strokeWidth": 113.77777777777777
          }
        ],
        "isMulticolor": false,
        "isMulticolor2": false,
        "grid": 0,
        "tags": [
          "icon_cross"
        ],
        "colorPermutations": {
          "134229671202012552552551": [
            {
              "s": 1
            }
          ]
        }
      },
      "attrs": [
        {
          "fill": "none",
          "stroke": "rgb(134, 229, 67)",
          "strokeLinejoin": "miter",
          "strokeLinecap": "round",
          "strokeMiterlimit": "4",
          "strokeWidth": 113.77777777777777
        }
      ],
      "properties": {
        "order": 8,
        "id": 3,
        "name": "icon_cross",
        "prevSize": 32
      },
      "setIdx": 0,
      "setId": 3,
      "iconIdx": 2
    },
    {
      "icon": {
        "paths": [
          "M512 0c282.77 0 512 229.23 512 512s-229.23 512-512 512c-282.77 0-512-229.23-512-512s229.23-512 512-512z",
          "M768 288c0 17.673-14.327 32-32 32s-32-14.327-32-32c0-17.673 14.327-32 32-32s32 14.327 32 32z",
          "M512 736v0c-123.712 0-224-100.288-224-224s100.288-224 224-224v0c123.712 0 224 100.288 224 224s-100.288 224-224 224zM512 661.333c82.475 0 149.333-66.859 149.333-149.333s-66.859-149.333-149.333-149.333v0c-82.475 0-149.333 66.859-149.333 149.333s66.859 149.333 149.333 149.333v0z"
        ],
        "attrs": [
          {
            "fill": "rgb(255, 255, 255)"
          },
          {
            "fill": "rgb(0, 20, 20)"
          },
          {
            "fill": "rgb(0, 20, 20)"
          }
        ],
        "isMulticolor": true,
        "isMulticolor2": false,
        "grid": 0,
        "tags": [
          "insta"
        ],
        "colorPermutations": {
          "134229671202012552552551": [
            {
              "f": 2
            },
            {
              "f": 0
            },
            {
              "f": 0
            }
          ]
        }
      },
      "attrs": [
        {
          "fill": "rgb(255, 255, 255)"
        },
        {
          "fill": "rgb(0, 20, 20)"
        },
        {
          "fill": "rgb(0, 20, 20)"
        }
      ],
      "properties": {
        "order": 7,
        "id": 2,
        "name": "insta",
        "prevSize": 32
      },
      "setIdx": 0,
      "setId": 3,
      "iconIdx": 3
    },
    {
      "icon": {
        "paths": [
          "M681.412 342.588l-338.824 338.824M342.588 342.588l338.824 338.824M512 982.588c259.915 0 470.588-210.703 470.588-470.588 0-259.915-210.703-470.588-470.588-470.588-259.915 0-470.588 210.703-470.588 470.588 0 259.915 210.703 470.588 470.588 470.588z"
        ],
        "attrs": [
          {
            "fill": "none",
            "stroke": "rgb(134, 229, 67)",
            "strokeLinejoin": "round",
            "strokeLinecap": "round",
            "strokeMiterlimit": "4",
            "strokeWidth": 45.17647058823529
          }
        ],
        "isMulticolor": false,
        "isMulticolor2": false,
        "grid": 0,
        "tags": [
          "modal_cross"
        ],
        "colorPermutations": {
          "134229671202012552552551": [
            {
              "s": 1
            }
          ]
        }
      },
      "attrs": [
        {
          "fill": "none",
          "stroke": "rgb(134, 229, 67)",
          "strokeLinejoin": "round",
          "strokeLinecap": "round",
          "strokeMiterlimit": "4",
          "strokeWidth": 45.17647058823529
        }
      ],
      "properties": {
        "order": 6,
        "id": 1,
        "name": "modal_cross",
        "prevSize": 32
      },
      "setIdx": 0,
      "setId": 3,
      "iconIdx": 4
    },
    {
      "icon": {
        "paths": [
          "M512 0c282.77 0 512 229.23 512 512s-229.23 512-512 512c-282.77 0-512-229.23-512-512s229.23-512 512-512z",
          "M712.021 351.573c22.059 5.589 39.381 22.187 45.269 43.221 10.709 38.144 10.709 117.76 10.709 117.76s0 79.573-10.667 117.717c-5.931 21.035-23.253 36.907-45.312 42.539-39.893 10.24-200.021 10.24-200.021 10.24s-160.085 0-200.021-10.24c-22.059-5.632-39.381-21.504-45.269-42.539-10.709-38.144-10.709-117.76-10.709-117.76s0-79.573 10.667-117.717c6.46-21.439 23.513-37.786 44.923-43.13l0.432-0.091c39.893-10.24 199.979-10.24 199.979-10.24s160.085 0 200.021 10.24zM459.648 440.277v144.512l133.803-72.277-133.803-72.235z"
        ],
        "attrs": [
          {
            "fill": "rgb(255, 255, 255)"
          },
          {
            "fill": "rgb(0, 20, 20)"
          }
        ],
        "isMulticolor": true,
        "isMulticolor2": false,
        "grid": 0,
        "tags": [
          "youtube"
        ],
        "colorPermutations": {
          "134229671202012552552551": [
            {
              "f": 2
            },
            {
              "f": 0
            }
          ]
        }
      },
      "attrs": [
        {
          "fill": "rgb(255, 255, 255)"
        },
        {
          "fill": "rgb(0, 20, 20)"
        }
      ],
      "properties": {
        "order": 4,
        "id": 0,
        "name": "youtube",
        "prevSize": 32
      },
      "setIdx": 0,
      "setId": 3,
      "iconIdx": 5
    }
  ],
  "height": 1024,
  "preferences": {
    "showGlyphs": true,
    "showQuickUse": true,
    "showQuickUse2": true,
    "showSVGs": true,
    "fontPref": {
      "prefix": "icon-",
      "metadata": {
        "fontFamily": "icomoon"
      },
      "metrics": {
        "emSize": 1024,
        "baseline": 6.25,
        "whitespace": 50
      },
      "embed": false
    },
    "imagePref": {
      "prefix": "icon-",
      "png": true,
      "useClassSelector": true,
      "color": 0,
      "bgColor": 16777215,
      "classSelector": ".icon",
      "name": "icomoon"
    },
    "historySize": 50,
    "showCodes": true,
    "gridSize": 16
  }
}